{
    "0": {
        "precision": 0.9690721649484536,
        "recall": 0.8995215311004785,
        "f1-score": 0.9330024813895782,
        "support": 209.0
    },
    "1": {
        "precision": 0.9169960474308301,
        "recall": 0.9586776859504132,
        "f1-score": 0.9373737373737374,
        "support": 242.0
    },
    "2": {
        "precision": 0.875,
        "recall": 1.0,
        "f1-score": 0.9333333333333333,
        "support": 28.0
    },
    "accuracy": 0.9352818371607515,
    "macro avg": {
        "precision": 0.9203560707930946,
        "recall": 0.9527330723502972,
        "f1-score": 0.934569850698883,
        "support": 479.0
    },
    "weighted avg": {
        "precision": 0.9372633109655275,
        "recall": 0.9352818371607515,
        "f1-score": 0.9352302638584543,
        "support": 479.0
    }
}